{
  "baseline": "MSHNetOHEM",
  "candidate": "MSHNetCGA",
  "dataset_name": "NUDT-SIRST",
  "dataset_preflight_summary": "docs/internal/cga_v2/dataset_preflight/NUDT-SIRST/summary.json",
  "dataset_registry_sha256": "35a47e28b8063cf5353c5d2caabce08b141731e079abad8591a0a27d24bae188",
  "decision": "P2_FAIL_IMPL_AUDIT_ALLOWED",
  "decision_rule_name": "seed42 reproduction decision rule",
  "decision_rule_predeclared": true,
  "epoch": 400,
  "full": {
    "baseline": {
      "F1": 0.9604988864142537,
      "FA": 6.871051098926958e-06,
      "FA_ppm": 6.871051098926958,
      "FP_components": 42.0,
      "Pd": 0.9809523809523809,
      "Precision": 0.9692197051420353,
      "Recall": 0.9519336040967685,
      "checkpoint": "results/official/MSHNetOHEM/seed42/NUDT-SIRST/MSHNetOHEM_400.pth.tar",
      "checkpoint_epoch": 400,
      "dataset": "NUDT-SIRST",
      "epoch": 400,
      "mIoU": 0.9239998628775153,
      "model": "MSHNetOHEM",
      "nIoU": 0.9301544694097718,
      "prediction_dir": "results/official/MSHNetOHEM/seed42/NUDT-SIRST/test/predictions",
      "seed": 42,
      "split": "test",
      "threshold": 0.5,
      "train_dataset": "NUDT-SIRST"
    },
    "candidate": {
      "F1": 0.9569630101138693,
      "FA": 9.582703372082079e-06,
      "FA_ppm": 9.582703372082078,
      "FP_components": 48.0,
      "Pd": 0.9777777777777777,
      "Precision": 0.9582167770263093,
      "Recall": 0.9557125198657955,
      "checkpoint": "results/official/MSHNetCGA/seed42/NUDT-SIRST/MSHNetCGA_400.pth.tar",
      "checkpoint_epoch": 400,
      "dataset": "NUDT-SIRST",
      "epoch": 400,
      "mIoU": 0.9174775385658587,
      "model": "MSHNetCGA",
      "nIoU": 0.9241246352221667,
      "prediction_dir": "results/official/MSHNetCGA/seed42/NUDT-SIRST/test/predictions",
      "seed": 42,
      "split": "test",
      "threshold": 0.5,
      "train_dataset": "NUDT-SIRST"
    },
    "delta": {
      "F1": -0.003535876300384433,
      "FA": 2.711652273155121e-06,
      "FA_ppm": 2.71165227315512,
      "FP_components": 6.0,
      "Pd": -0.0031746031746031633,
      "Precision": -0.011002928115726007,
      "Recall": 0.0037789157690270025,
      "mIoU": -0.006522324311656669,
      "nIoU": -0.006029834187605054
    }
  },
  "gate": "Gate-CGA-v2-P2-seed42-reproduction",
  "gate_pass": false,
  "hcval": {
    "available": true,
    "baseline": {
      "F1": 0.9221902017291065,
      "FA": 2.288818359375e-05,
      "FA_ppm": 22.88818359375,
      "FP_components": 4.0,
      "Pd": 0.8333333333333334,
      "Precision": 0.927536231884058,
      "Recall": 0.9169054441260746,
      "checkpoint": "results/official/MSHNetOHEM/seed42/NUDT-SIRST/MSHNetOHEM_400.pth.tar",
      "checkpoint_epoch": 400,
      "dataset": "NUDT-SIRST",
      "epoch": 400,
      "mIoU": 0.8556149732620321,
      "model": "MSHNetOHEM",
      "nIoU": 0.7667615175780408,
      "prediction_dir": "results/official/MSHNetOHEM/seed42/NUDT-SIRST/hcval/predictions",
      "seed": 42,
      "split": "hcval",
      "threshold": 0.5,
      "train_dataset": "NUDT-SIRST"
    },
    "candidate": {
      "F1": 0.8625336927223718,
      "FA": 0.0001220703125,
      "FA_ppm": 122.0703125,
      "FP_components": 5.0,
      "Pd": 0.8333333333333334,
      "Precision": 0.8142493638676844,
      "Recall": 0.9169054441260746,
      "checkpoint": "results/official/MSHNetCGA/seed42/NUDT-SIRST/MSHNetCGA_400.pth.tar",
      "checkpoint_epoch": 400,
      "dataset": "NUDT-SIRST",
      "epoch": 400,
      "mIoU": 0.7582938388625592,
      "model": "MSHNetCGA",
      "nIoU": 0.7503062519768332,
      "prediction_dir": "results/official/MSHNetCGA/seed42/NUDT-SIRST/hcval/predictions",
      "seed": 42,
      "split": "hcval",
      "threshold": 0.5,
      "train_dataset": "NUDT-SIRST"
    },
    "delta": {
      "F1": -0.05965650900673469,
      "FA": 9.918212890625e-05,
      "FA_ppm": 99.18212890625,
      "FP_components": 1.0,
      "Pd": 0.0,
      "Precision": -0.11328686801637355,
      "Recall": 0.0,
      "mIoU": -0.09732113439947288,
      "nIoU": -0.01645526560120758
    }
  },
  "hcval_list_sha256": "bb0cd989def5651f222ae5d3d7d3fd400364a9e016b22dceb95258895fd4f85e",
  "pass_conditions": {
    "full_rule_pass": false,
    "hcval_available": true,
    "hcval_rule_pass": false
  },
  "seed": 42,
  "test_list_sha256": "a463c52ee64b1c803c4a322fe090aaf6bc360844898e3943bb7c64a8e551b86e",
  "threshold": 0.5,
  "thresholds": {
    "full_delta_fa_ppm_max": 0.0,
    "full_delta_mIoU_min": 0.02,
    "full_delta_pd_min": -0.001,
    "full_delta_precision_min": 0.01,
    "hcval_delta_miou_min": 0.0,
    "hcval_delta_pd_min": -0.001
  },
  "train_list_sha256": "e0a79f7c3d42548ba7d7dad9d2d336012b63a6bc5081e89e286f0f45036f8ec3"
}